{
  "test/integration/FirstJourney.js.map": 1689786946999,
  "xs-app.json": 1689786919947,
  "test/integration/pages/RisksList.js": 1689716857374,
  "test/integration/opaTests.qunit.js": 1689716857366,
  "test/integration/FirstJourney.js": 1689716857378,
  "test/testsuite.qunit.js": 1689716857358,
  "test/integration/pages/RisksObjectPage.js": 1689716857374,
  "manifest.json": 1689786919947,
  "Component.js": 1689716857350,
  "test/integration/pages/RisksList-dbg.js": 1689716857374,
  "test/integration/pages/RisksList.js.map": 1689786947014,
  "test/integration/opaTests.qunit-dbg.js": 1689716857366,
  "test/integration/opaTests.qunit.js.map": 1689786947015,
  "test/integration/FirstJourney-dbg.js": 1689716857378,
  "i18n/i18n.properties": 1689716897329,
  "test/testsuite.qunit-dbg.js": 1689716857358,
  "test/testsuite.qunit.js.map": 1689786947014,
  "test/integration/pages/RisksObjectPage-dbg.js": 1689716857374,
  "test/integration/pages/RisksObjectPage.js.map": 1689786947002,
  "Component-dbg.js": 1689716857350,
  "Component.js.map": 1689786947004,
  "Component-preload.js": 1689786947117,
  "Component-preload.js.map": 1689786947117,
  "test/integration/opaTests.qunit.html": 1689716857362,
  "test/testsuite.qunit.html": 1689716857358,
  "test/flpSandbox.html": 1689716857358,
  "localService/metadata.xml": 1689716857358,
  "index.html": 1689716857350
}