{
  "manifest.json": 1689786919947,
  "test/integration/pages/MitigationObjectPage.js": 1689716924213,
  "test/integration/pages/RisksObjectPage.js": 1689716924209,
  "test/integration/pages/MitigationList.js": 1689716924205,
  "test/integration/opaTests.qunit.js": 1689716924185,
  "test/integration/FirstJourney.js": 1689716924213,
  "test/testsuite.qunit.js": 1689716924173,
  "xs-app.json": 1689786919947,
  "i18n/i18n.properties": 1689716947481,
  "Component.js": 1689716924165,
  "test/integration/FirstJourney-dbg.js": 1689716924213,
  "test/integration/FirstJourney.js.map": 1689786940651,
  "test/integration/pages/RisksObjectPage-dbg.js": 1689716924209,
  "test/integration/pages/RisksObjectPage.js.map": 1689786940639,
  "test/integration/pages/MitigationList-dbg.js": 1689716924205,
  "test/integration/pages/MitigationList.js.map": 1689786940615,
  "test/integration/opaTests.qunit-dbg.js": 1689716924185,
  "test/integration/opaTests.qunit.js.map": 1689786940660,
  "test/integration/pages/MitigationObjectPage-dbg.js": 1689716924213,
  "test/integration/pages/MitigationObjectPage.js.map": 1689786940636,
  "test/testsuite.qunit-dbg.js": 1689716924173,
  "test/testsuite.qunit.js.map": 1689786940658,
  "Component-dbg.js": 1689716924165,
  "Component.js.map": 1689786940651,
  "Component-preload.js": 1689786940804,
  "Component-preload.js.map": 1689786940804,
  "test/integration/opaTests.qunit.html": 1689716924177,
  "test/testsuite.qunit.html": 1689716924173,
  "test/flpSandbox.html": 1689716924173,
  "localService/metadata.xml": 1689716924173,
  "index.html": 1689716924165
}